session_id,user_id,session_start_ts,session_end_ts,device_type,is_conversion
s001,1,2026-01-01 08:00:00,2026-01-01 08:22:00,mobile,0
s002,1,2026-01-02 09:00:00,2026-01-02 09:18:00,desktop,1
s003,2,2026-01-04 12:00:00,2026-01-04 12:40:00,mobile,0
s004,2,2026-01-05 13:00:00,2026-01-05 13:35:00,mobile,1
s005,3,2026-01-12 17:00:00,2026-01-12 17:12:00,tablet,0
s006,3,2026-01-14 17:30:00,2026-01-14 17:55:00,desktop,1
s007,4,2026-02-02 08:10:00,2026-02-02 08:25:00,mobile,1
s008,5,2026-02-18 10:00:00,2026-02-18 10:11:00,desktop,0
s009,5,2026-02-20 09:50:00,2026-02-20 10:08:00,desktop,1
s010,6,2026-03-05 19:45:00,2026-03-05 20:20:00,mobile,1
s011,7,2026-03-11 14:00:00,2026-03-11 14:09:00,mobile,0
s012,8,2026-03-20 08:40:00,2026-03-20 09:02:00,desktop,1
s013,9,2026-03-28 21:50:00,2026-03-28 22:15:00,tablet,1
s014,10,2026-04-02 07:30:00,2026-04-02 08:05:00,mobile,1
