transaction_id,user_id,transaction_ts,amount_usd,status
1001,1,2026-01-02 09:15:00,49.99,completed
1002,2,2026-01-05 13:20:00,79.00,completed
1003,2,2026-01-07 11:00:00,79.00,refunded
1004,3,2026-01-14 17:42:00,120.50,completed
1005,4,2026-02-03 08:35:00,45.00,completed
1006,5,2026-02-20 10:05:00,60.00,completed
1007,1,2026-03-02 15:55:00,25.00,completed
1008,6,2026-03-05 20:15:00,99.99,completed
1009,8,2026-03-21 09:05:00,30.00,completed
1010,9,2026-03-29 22:10:00,15.00,completed
1011,10,2026-04-03 07:55:00,200.00,completed
